Year,Residence,Origin,Refugees
2005,Austria,Afghanistan,2991
2005,Austria,Eritrea,21
2005,Austria,Gambia,12
2005,Austria,Iran (Islamic Rep. of),1589
2005,Austria,Iraq,1224
2005,Austria,Russian Federation,6438
2005,Austria,Somalia,146
2005,Austria,Serbia and Kosovo (S/RES/1244 (1999)),5091
2005,Austria,Syrian Arab Rep.,122
2005,Belgium,Afghanistan,381
2005,Belgium,Eritrea,1
2005,Belgium,Gambia,
2005,Belgium,Iran (Islamic Rep. of),327
2005,Belgium,Iraq,231
2005,Belgium,Mali,
2005,Belgium,Russian Federation,3899
2005,Belgium,Somalia,108
2005,Belgium,Serbia and Kosovo (S/RES/1244 (1999)),1889
2005,Belgium,Syrian Arab Rep.,115
2005,Germany,Afghanistan,31055
2005,Germany,Eritrea,2746
2005,Germany,Gambia,1041
2005,Germany,Iran (Islamic Rep. of),24016
2005,Germany,Iraq,52922
2005,Germany,Mali,134
2005,Germany,Russian Federation,41732
2005,Germany,Somalia,2903
2005,Germany,Serbia and Kosovo (S/RES/1244 (1999)),99789
2005,Germany,Syrian Arab Rep.,10469
2005,Denmark,Afghanistan,6381
2005,Denmark,Eritrea,56
2005,Denmark,Iran (Islamic Rep. of),1755
2005,Denmark,Iraq,10667
2005,Denmark,Russian Federation,466
2005,Denmark,Somalia,6648
2005,Denmark,Serbia and Kosovo (S/RES/1244 (1999)),4771
2005,Denmark,Syrian Arab Rep.,188
2005,Spain,Afghanistan,87
2005,Spain,Eritrea,5
2005,Spain,Gambia,12
2005,Spain,Iran (Islamic Rep. of),99
2005,Spain,Iraq,242
2005,Spain,Russian Federation,483
2005,Spain,Somalia,146
2005,Spain,Serbia and Kosovo (S/RES/1244 (1999)),81
2005,Spain,Syrian Arab Rep.,21
2005,Finland,Afghanistan,1604
2005,Finland,Eritrea,50
2005,Finland,Iran (Islamic Rep. of),1683
2005,Finland,Iraq,1648
2005,Finland,Russian Federation,232
2005,Finland,Somalia,1008
2005,Finland,Serbia and Kosovo (S/RES/1244 (1999)),1296
2005,Finland,Syrian Arab Rep.,39
2005,France,Afghanistan,1228
2005,France,Eritrea,63
2005,France,Gambia,44
2005,France,Iran (Islamic Rep. of),1634
2005,France,Iraq,1319
2005,France,Mali,129
2005,France,Russian Federation,5292
2005,France,Somalia,587
2005,France,Serbia and Kosovo (S/RES/1244 (1999)),6988
2005,France,Syrian Arab Rep.,213
2005,United Kingdom,Afghanistan,22532
2005,United Kingdom,Eritrea,3617
2005,United Kingdom,Gambia,202
2005,United Kingdom,Iran (Islamic Rep. of),9039
2005,United Kingdom,Iraq,22363
2005,United Kingdom,Mali,4
2005,United Kingdom,Russian Federation,1886
2005,United Kingdom,Somalia,36319
2005,United Kingdom,Serbia and Kosovo (S/RES/1244 (1999)),19717
2005,United Kingdom,Syrian Arab Rep.,208
2005,Hungary,Afghanistan,2376
2005,Hungary,Eritrea,3
2005,Hungary,Gambia,
2005,Hungary,Iran (Islamic Rep. of),153
2005,Hungary,Iraq,1252
2005,Hungary,Russian Federation,129
2005,Hungary,Somalia,155
2005,Hungary,Serbia and Kosovo (S/RES/1244 (1999)),2388
2005,Hungary,Syrian Arab Rep.,44
2005,Ireland,Afghanistan,77
2005,Ireland,Eritrea,48
2005,Ireland,Gambia,5
2005,Ireland,Iran (Islamic Rep. of),162
2005,Ireland,Iraq,257
2005,Ireland,Russian Federation,287
2005,Ireland,Somalia,309
2005,Ireland,Serbia and Kosovo (S/RES/1244 (1999)),368
2005,Ireland,Syrian Arab Rep.,27
2005,Netherlands,Afghanistan,25086
2005,Netherlands,Eritrea,494
2005,Netherlands,Gambia,7
2005,Netherlands,Iran (Islamic Rep. of),5573
2005,Netherlands,Iraq,26618
2005,Netherlands,Mali,9
2005,Netherlands,Russian Federation,1466
2005,Netherlands,Somalia,10715
2005,Netherlands,Serbia and Kosovo (S/RES/1244 (1999)),3236
2005,Netherlands,Syrian Arab Rep.,1674
2005,Poland,Afghanistan,87
2005,Poland,Eritrea,1
2005,Poland,Iran (Islamic Rep. of),9
2005,Poland,Iraq,47
2005,Poland,Russian Federation,3785
2005,Poland,Somalia,157
2005,Poland,Serbia and Kosovo (S/RES/1244 (1999)),16
2005,Poland,Syrian Arab Rep.,6
2005,Portugal,Afghanistan,5
2005,Portugal,Gambia,1
2005,Portugal,Iran (Islamic Rep. of),1
2005,Portugal,Iraq,4
2005,Portugal,Russian Federation,1
2005,Portugal,Serbia and Kosovo (S/RES/1244 (1999)),1
2005,Sweden,Afghanistan,4264
2005,Sweden,Eritrea,822
2005,Sweden,Gambia,9
2005,Sweden,Iran (Islamic Rep. of),5016
2005,Sweden,Iraq,21046
2005,Sweden,Mali,2
2005,Sweden,Russian Federation,1178
2005,Sweden,Somalia,3486
2005,Sweden,Serbia and Kosovo (S/RES/1244 (1999)),11953
2005,Sweden,Syrian Arab Rep.,1032
2006,Austria,Afghanistan,3664
2006,Austria,Eritrea,24
2006,Austria,Gambia,19
2006,Austria,Iran (Islamic Rep. of),1679
2006,Austria,Iraq,1179
2006,Austria,Mali,1
2006,Austria,Russian Federation,8723
2006,Austria,Somalia,266
2006,Austria,Serbia and Kosovo (S/RES/1244 (1999)),5485
2006,Austria,Syrian Arab Rep.,167
2006,Belgium,Afghanistan,226
2006,Belgium,Eritrea,5
2006,Belgium,Gambia,
2006,Belgium,Iran (Islamic Rep. of),379
2006,Belgium,Iraq,253
2006,Belgium,Mali,
2006,Belgium,Russian Federation,5425
2006,Belgium,Somalia,111
2006,Belgium,Serbia and Kosovo (S/RES/1244 (1999)),1606
2006,Belgium,Syrian Arab Rep.,100
2006,Germany,Afghanistan,21879
2006,Germany,Eritrea,2276
2006,Germany,Gambia,137
2006,Germany,Iran (Islamic Rep. of),13213
2006,Germany,Iraq,36205
2006,Germany,Mali,43
2006,Germany,Russian Federation,25347
2006,Germany,Somalia,2165
2006,Germany,Serbia and Kosovo (S/RES/1244 (1999)),75211
2006,Germany,Syrian Arab Rep.,5845
2006,Denmark,Afghanistan,6306
2006,Denmark,Eritrea,55
2006,Denmark,Iran (Islamic Rep. of),1617
2006,Denmark,Iraq,9902
2006,Denmark,Russian Federation,485
2006,Denmark,Somalia,5100
2006,Denmark,Serbia and Kosovo (S/RES/1244 (1999)),3075
2006,Denmark,Syrian Arab Rep.,213
2006,Spain,Afghanistan,74
2006,Spain,Eritrea,5
2006,Spain,Gambia,11
2006,Spain,Iran (Islamic Rep. of),85
2006,Spain,Iraq,245
2006,Spain,Russian Federation,492
2006,Spain,Somalia,147
2006,Spain,Serbia and Kosovo (S/RES/1244 (1999)),81
2006,Spain,Syrian Arab Rep.,21
2006,Finland,Afghanistan,1883
2006,Finland,Eritrea,49
2006,Finland,Gambia,1
2006,Finland,Iran (Islamic Rep. of),1806
2006,Finland,Iraq,1679
2006,Finland,Mali,
2006,Finland,Russian Federation,277
2006,Finland,Somalia,1042
2006,Finland,Serbia and Kosovo (S/RES/1244 (1999)),1321
2006,Finland,Syrian Arab Rep.,42
2006,France,Afghanistan,1238
2006,France,Eritrea,104
2006,France,Gambia,45
2006,France,Iran (Islamic Rep. of),1617
2006,France,Iraq,1318
2006,France,Mali,163
2006,France,Russian Federation,5945
2006,France,Somalia,612
2006,France,Serbia and Kosovo (S/RES/1244 (1999)),7334
2006,France,Syrian Arab Rep.,216
2006,United Kingdom,Afghanistan,23069
2006,United Kingdom,Eritrea,4901
2006,United Kingdom,Gambia,200
2006,United Kingdom,Iran (Islamic Rep. of),9566
2006,United Kingdom,Iraq,21984
2006,United Kingdom,Mali,4
2006,United Kingdom,Russian Federation,1970
2006,United Kingdom,Somalia,34138
2006,United Kingdom,Serbia and Kosovo (S/RES/1244 (1999)),18331
2006,United Kingdom,Syrian Arab Rep.,286
2006,Hungary,Afghanistan,2357
2006,Hungary,Eritrea,3
2006,Hungary,Gambia,
2006,Hungary,Iran (Islamic Rep. of),160
2006,Hungary,Iraq,1235
2006,Hungary,Russian Federation,134
2006,Hungary,Somalia,181
2006,Hungary,Serbia and Kosovo (S/RES/1244 (1999)),2359
2006,Hungary,Syrian Arab Rep.,46
2006,Ireland,Afghanistan,99
2006,Ireland,Eritrea,55
2006,Ireland,Gambia,6
2006,Ireland,Iran (Islamic Rep. of),365
2006,Ireland,Iraq,338
2006,Ireland,Mali,
2006,Ireland,Russian Federation,292
2006,Ireland,Somalia,408
2006,Ireland,Serbia and Kosovo (S/RES/1244 (1999)),376
2006,Ireland,Syrian Arab Rep.,29
2006,Netherlands,Afghanistan,21357
2006,Netherlands,Eritrea,690
2006,Netherlands,Gambia,6
2006,Netherlands,Iran (Islamic Rep. of),4344
2006,Netherlands,Iraq,21782
2006,Netherlands,Mali,7
2006,Netherlands,Russian Federation,1362
2006,Netherlands,Somalia,8086
2006,Netherlands,Serbia and Kosovo (S/RES/1244 (1999)),2634
2006,Netherlands,Syrian Arab Rep.,1559
2006,Poland,Afghanistan,79
2006,Poland,Eritrea,1
2006,Poland,Gambia,
2006,Poland,Iran (Islamic Rep. of),8
2006,Poland,Iraq,56
2006,Poland,Russian Federation,6024
2006,Poland,Somalia,135
2006,Poland,Serbia and Kosovo (S/RES/1244 (1999)),13
2006,Poland,Syrian Arab Rep.,7
2006,Portugal,Afghanistan,5
2006,Portugal,Eritrea,4
2006,Portugal,Gambia,1
2006,Portugal,Iran (Islamic Rep. of),1
2006,Portugal,Iraq,4
2006,Portugal,Russian Federation,4
2006,Portugal,Serbia and Kosovo (S/RES/1244 (1999)),2
2006,Sweden,Afghanistan,4278
2006,Sweden,Eritrea,1051
2006,Sweden,Gambia,18
2006,Sweden,Iran (Islamic Rep. of),5205
2006,Sweden,Iraq,23852
2006,Sweden,Mali,2
2006,Sweden,Russian Federation,1493
2006,Sweden,Somalia,4066
2006,Sweden,Serbia and Kosovo (S/RES/1244 (1999)),12000
2006,Sweden,Syrian Arab Rep.,1065
2007,Austria,Afghanistan,4191
2007,Austria,Eritrea,29
2007,Austria,Gambia,24
2007,Austria,Iran (Islamic Rep. of),1929
2007,Austria,Iraq,1366
2007,Austria,Mali,
2007,Austria,Russian Federation,11571
2007,Austria,Somalia,456
2007,Austria,Serbia and Kosovo (S/RES/1244 (1999)),5783
2007,Austria,Syrian Arab Rep.,255
2007,Belgium,Afghanistan,151
2007,Belgium,Eritrea,11
2007,Belgium,Iran (Islamic Rep. of),347
2007,Belgium,Iraq,292
2007,Belgium,Mali,1
2007,Belgium,Russian Federation,5150
2007,Belgium,Somalia,94
2007,Belgium,Serbia and Kosovo (S/RES/1244 (1999)),1320
2007,Belgium,Syrian Arab Rep.,114
2007,Germany,Afghanistan,24236
2007,Germany,Eritrea,2993
2007,Germany,Gambia,115
2007,Germany,Iran (Islamic Rep. of),15123
2007,Germany,Iraq,34731
2007,Germany,Mali,42
2007,Germany,Russian Federation,30424
2007,Germany,Somalia,2227
2007,Germany,Serbia and Kosovo (S/RES/1244 (1999)),91616
2007,Germany,Syrian Arab Rep.,6996
2007,Denmark,Afghanistan,5378
2007,Denmark,Eritrea,15
2007,Denmark,Gambia,
2007,Denmark,Iran (Islamic Rep. of),771
2007,Denmark,Iraq,8376
2007,Denmark,Russian Federation,489
2007,Denmark,Somalia,3359
2007,Denmark,Serbia and Kosovo (S/RES/1244 (1999)),3030
2007,Denmark,Syrian Arab Rep.,218
2007,Spain,Afghanistan,69
2007,Spain,Eritrea,14
2007,Spain,Gambia,11
2007,Spain,Iran (Islamic Rep. of),71
2007,Spain,Iraq,240
2007,Spain,Russian Federation,508
2007,Spain,Somalia,127
2007,Spain,Serbia and Kosovo (S/RES/1244 (1999)),77
2007,Spain,Syrian Arab Rep.,21
2007,Finland,Afghanistan,517
2007,Finland,Eritrea,3
2007,Finland,Gambia,8
2007,Finland,Iran (Islamic Rep. of),238
2007,Finland,Iraq,992
2007,Finland,Russian Federation,301
2007,Finland,Somalia,1178
2007,Finland,Serbia and Kosovo (S/RES/1244 (1999)),1133
2007,Finland,Syrian Arab Rep.,46
2007,France,Afghanistan,1273
2007,France,Eritrea,162
2007,France,Gambia,44
2007,France,Iran (Islamic Rep. of),1633
2007,France,Iraq,1397
2007,France,Mali,378
2007,France,Russian Federation,6613
2007,France,Somalia,650
2007,France,Serbia and Kosovo (S/RES/1244 (1999)),7848
2007,France,Syrian Arab Rep.,217
2007,United Kingdom,Afghanistan,23565
2007,United Kingdom,Eritrea,6427
2007,United Kingdom,Gambia,233
2007,United Kingdom,Iran (Islamic Rep. of),10227
2007,United Kingdom,Iraq,22021
2007,United Kingdom,Mali,4
2007,United Kingdom,Russian Federation,1982
2007,United Kingdom,Somalia,33659
2007,United Kingdom,Serbia and Kosovo (S/RES/1244 (1999)),16237
2007,United Kingdom,Syrian Arab Rep.,364
2007,Hungary,Afghanistan,2293
2007,Hungary,Eritrea,3
2007,Hungary,Iran (Islamic Rep. of),164
2007,Hungary,Iraq,1272
2007,Hungary,Russian Federation,137
2007,Hungary,Somalia,210
2007,Hungary,Serbia and Kosovo (S/RES/1244 (1999)),2329
2007,Hungary,Syrian Arab Rep.,42
2007,Ireland,Afghanistan,106
2007,Ireland,Eritrea,85
2007,Ireland,Gambia,7
2007,Ireland,Iran (Islamic Rep. of),151
2007,Ireland,Iraq,532
2007,Ireland,Mali,
2007,Ireland,Russian Federation,265
2007,Ireland,Somalia,672
2007,Ireland,Serbia and Kosovo (S/RES/1244 (1999)),352
2007,Ireland,Syrian Arab Rep.,34
2007,Netherlands,Afghanistan,17296
2007,Netherlands,Eritrea,777
2007,Netherlands,Gambia,10
2007,Netherlands,Iran (Islamic Rep. of),3396
2007,Netherlands,Iraq,19234
2007,Netherlands,Mali,7
2007,Netherlands,Russian Federation,1265
2007,Netherlands,Somalia,7919
2007,Netherlands,Serbia and Kosovo (S/RES/1244 (1999)),2149
2007,Netherlands,Syrian Arab Rep.,1421
2007,Poland,Afghanistan,76
2007,Poland,Eritrea,2
2007,Poland,Gambia,
2007,Poland,Iran (Islamic Rep. of),6
2007,Poland,Iraq,50
2007,Poland,Russian Federation,9355
2007,Poland,Somalia,64
2007,Poland,Serbia and Kosovo (S/RES/1244 (1999)),11
2007,Poland,Syrian Arab Rep.,8
2007,Portugal,Afghanistan,6
2007,Portugal,Eritrea,4
2007,Portugal,Gambia,1
2007,Portugal,Iran (Islamic Rep. of),1
2007,Portugal,Iraq,5
2007,Portugal,Russian Federation,5
2007,Portugal,Serbia and Kosovo (S/RES/1244 (1999)),2
2007,Sweden,Afghanistan,2611
2007,Sweden,Eritrea,1521
2007,Sweden,Gambia,9
2007,Sweden,Iran (Islamic Rep. of),1934
2007,Sweden,Iraq,30423
2007,Sweden,Mali,2
2007,Sweden,Russian Federation,1488
2007,Sweden,Somalia,5332
2007,Sweden,Serbia and Kosovo (S/RES/1244 (1999)),9589
2007,Sweden,Syrian Arab Rep.,1081
2008,Austria,Afghanistan,5387
2008,Austria,Eritrea,34
2008,Austria,Gambia,33
2008,Austria,Iran (Islamic Rep. of),2112
2008,Austria,Iraq,1972
2008,Austria,Mali,1
2008,Austria,Russian Federation,14122
2008,Austria,Somalia,630
2008,Austria,Serbia and Kosovo (S/RES/1244 (1999)),6218
2008,Austria,Syrian Arab Rep.,333
2008,Belgium,Afghanistan,196
2008,Belgium,Eritrea,16
2008,Belgium,Iran (Islamic Rep. of),305
2008,Belgium,Iraq,494
2008,Belgium,Mali,5
2008,Belgium,Russian Federation,3981
2008,Belgium,Somalia,89
2008,Belgium,Serbia and Kosovo (S/RES/1244 (1999)),1172
2008,Belgium,Syrian Arab Rep.,152
2008,Germany,Afghanistan,25108
2008,Germany,Eritrea,3480
2008,Germany,Gambia,114
2008,Germany,Iran (Islamic Rep. of),15816
2008,Germany,Iraq,38854
2008,Germany,Iraq,
2008,Germany,Mali,43
2008,Germany,Russian Federation,35505
2008,Germany,Somalia,2190
2008,Germany,Serbia and Kosovo (S/RES/1244 (1999)),98787
2008,Germany,Serbia and Kosovo (S/RES/1244 (1999)),
2008,Germany,Syrian Arab Rep.,8205
2008,Denmark,Afghanistan,5214
2008,Denmark,Eritrea,18
2008,Denmark,Iran (Islamic Rep. of),805
2008,Denmark,Iraq,7102
2008,Denmark,Mali,
2008,Denmark,Russian Federation,587
2008,Denmark,Somalia,2483
2008,Denmark,Serbia and Kosovo (S/RES/1244 (1999)),2936
2008,Denmark,Syrian Arab Rep.,272
2008,Spain,Afghanistan,69
2008,Spain,Eritrea,15
2008,Spain,Gambia,2
2008,Spain,Iran (Islamic Rep. of),52
2008,Spain,Iraq,269
2008,Spain,Russian Federation,507
2008,Spain,Somalia,116
2008,Spain,Serbia and Kosovo (S/RES/1244 (1999)),73
2008,Spain,Syrian Arab Rep.,34
2008,Finland,Afghanistan,578
2008,Finland,Eritrea,4
2008,Finland,Gambia,8
2008,Finland,Iran (Islamic Rep. of),260
2008,Finland,Iraq,1206
2008,Finland,Russian Federation,347
2008,Finland,Somalia,1219
2008,Finland,Serbia and Kosovo (S/RES/1244 (1999)),1064
2008,Finland,Syrian Arab Rep.,50
2008,France,Afghanistan,1345
2008,France,Eritrea,222
2008,France,Gambia,53
2008,France,Iran (Islamic Rep. of),1661
2008,France,Iraq,1656
2008,France,Mali,1049
2008,France,Russian Federation,7615
2008,France,Somalia,686
2008,France,Serbia and Kosovo (S/RES/1244 (1999)),8395
2008,France,Syrian Arab Rep.,233
2008,United Kingdom,Afghanistan,23079
2008,United Kingdom,Eritrea,7701
2008,United Kingdom,Gambia,258
2008,United Kingdom,Iran (Islamic Rep. of),10320
2008,United Kingdom,Iraq,21483
2008,United Kingdom,Mali,10
2008,United Kingdom,Russian Federation,1987
2008,United Kingdom,Somalia,31665
2008,United Kingdom,Serbia and Kosovo (S/RES/1244 (1999)),15242
2008,United Kingdom,Syrian Arab Rep.,395
2008,Hungary,Afghanistan,2110
2008,Hungary,Eritrea,3
2008,Hungary,Iran (Islamic Rep. of),161
2008,Hungary,Iraq,1243
2008,Hungary,Russian Federation,137
2008,Hungary,Somalia,313
2008,Hungary,Serbia and Kosovo (S/RES/1244 (1999)),2143
2008,Hungary,Syrian Arab Rep.,44
2008,Ireland,Afghanistan,127
2008,Ireland,Eritrea,105
2008,Ireland,Gambia,7
2008,Ireland,Iran (Islamic Rep. of),173
2008,Ireland,Iraq,642
2008,Ireland,Mali,
2008,Ireland,Russian Federation,276
2008,Ireland,Somalia,653
2008,Ireland,Serbia and Kosovo (S/RES/1244 (1999)),355
2008,Ireland,Syrian Arab Rep.,36
2008,Netherlands,Afghanistan,13477
2008,Netherlands,Eritrea,917
2008,Netherlands,Gambia,14
2008,Netherlands,Iran (Islamic Rep. of),2956
2008,Netherlands,Iraq,15553
2008,Netherlands,Mali,6
2008,Netherlands,Russian Federation,1206
2008,Netherlands,Somalia,8565
2008,Netherlands,Serbia and Kosovo (S/RES/1244 (1999)),1991
2008,Netherlands,Syrian Arab Rep.,1326
2008,Poland,Afghanistan,68
2008,Poland,Eritrea,2
2008,Poland,Gambia,
2008,Poland,Iran (Islamic Rep. of),5
2008,Poland,Iraq,77
2008,Poland,Russian Federation,12034
2008,Poland,Somalia,63
2008,Poland,Serbia and Kosovo (S/RES/1244 (1999)),11
2008,Poland,Syrian Arab Rep.,8
2008,Portugal,Afghanistan,8
2008,Portugal,Eritrea,11
2008,Portugal,Gambia,1
2008,Portugal,Iran (Islamic Rep. of),2
2008,Portugal,Iraq,5
2008,Portugal,Russian Federation,7
2008,Portugal,Somalia,19
2008,Portugal,Serbia and Kosovo (S/RES/1244 (1999)),2
2008,Sweden,Afghanistan,2946
2008,Sweden,Eritrea,2165
2008,Sweden,Gambia,11
2008,Sweden,Iran (Islamic Rep. of),1909
2008,Sweden,Iraq,32120
2008,Sweden,Mali,2
2008,Sweden,Russian Federation,1583
2008,Sweden,Somalia,6753
2008,Sweden,Serbia and Kosovo (S/RES/1244 (1999)),8692
2008,Sweden,Syrian Arab Rep.,1084
2009,Austria,Afghanistan,6401
2009,Austria,Eritrea,48
2009,Austria,Gambia,48
2009,Austria,Iran (Islamic Rep. of),2183
2009,Austria,Iraq,2183
2009,Austria,Mali,1
2009,Austria,Russian Federation,15828
2009,Austria,Somalia,830
2009,Austria,Serbia and Kosovo (S/RES/1244 (1999)),3473
2009,Austria,Syrian Arab Rep.,385
2009,Belgium,Afghanistan,271
2009,Belgium,Eritrea,24
2009,Belgium,Iran (Islamic Rep. of),339
2009,Belgium,Iraq,718
2009,Belgium,Mali,4
2009,Belgium,Russian Federation,3428
2009,Belgium,Somalia,98
2009,Belgium,Serbia and Kosovo (S/RES/1244 (1999)),1059
2009,Belgium,Syrian Arab Rep.,177
2009,Germany,Afghanistan,30320
2009,Germany,Eritrea,4293
2009,Germany,Gambia,469
2009,Germany,Iran (Islamic Rep. of),20226
2009,Germany,Iraq,49033
2009,Germany,Iraq,
2009,Germany,Mali,72
2009,Germany,Russian Federation,37642
2009,Germany,Somalia,2407
2009,Germany,Serbia and Kosovo (S/RES/1244 (1999)),123700
2009,Germany,Serbia and Kosovo (S/RES/1244 (1999)),
2009,Germany,Syrian Arab Rep.,10217
2009,Denmark,Afghanistan,5026
2009,Denmark,Eritrea,21
2009,Denmark,Gambia,
2009,Denmark,Iran (Islamic Rep. of),864
2009,Denmark,Iraq,5467
2009,Denmark,Russian Federation,651
2009,Denmark,Somalia,1987
2009,Denmark,Serbia and Kosovo (S/RES/1244 (1999)),2466
2009,Denmark,Syrian Arab Rep.,392
2009,Spain,Afghanistan,70
2009,Spain,Eritrea,16
2009,Spain,Gambia,8
2009,Spain,Iran (Islamic Rep. of),50
2009,Spain,Iraq,265
2009,Spain,Russian Federation,464
2009,Spain,Somalia,65
2009,Spain,Serbia and Kosovo (S/RES/1244 (1999)),55
2009,Spain,Syrian Arab Rep.,33
2009,Finland,Afghanistan,656
2009,Finland,Eritrea,5
2009,Finland,Gambia,11
2009,Finland,Iran (Islamic Rep. of),278
2009,Finland,Iraq,1627
2009,Finland,Russian Federation,412
2009,Finland,Somalia,1694
2009,Finland,Serbia and Kosovo (S/RES/1244 (1999)),800
2009,Finland,Syrian Arab Rep.,52
2009,France,Afghanistan,1567
2009,France,Eritrea,369
2009,France,Gambia,79
2009,France,Iran (Islamic Rep. of),1735
2009,France,Iraq,2147
2009,France,Mali,2034
2009,France,Russian Federation,8942
2009,France,Somalia,835
2009,France,Serbia and Kosovo (S/RES/1244 (1999)),9437
2009,France,Syrian Arab Rep.,244
2009,United Kingdom,Afghanistan,23658
2009,United Kingdom,Eritrea,8829
2009,United Kingdom,Gambia,307
2009,United Kingdom,Iran (Islamic Rep. of),10845
2009,United Kingdom,Iraq,21287
2009,United Kingdom,Mali,10
2009,United Kingdom,Russian Federation,1820
2009,United Kingdom,Somalia,32299
2009,United Kingdom,Serbia and Kosovo (S/RES/1244 (1999)),8009
2009,United Kingdom,Syrian Arab Rep.,460
2009,Hungary,Afghanistan,1907
2009,Hungary,Eritrea,3
2009,Hungary,Iran (Islamic Rep. of),164
2009,Hungary,Iraq,1166
2009,Hungary,Russian Federation,133
2009,Hungary,Somalia,397
2009,Hungary,Serbia and Kosovo (S/RES/1244 (1999)),702
2009,Hungary,Syrian Arab Rep.,43
2009,Ireland,Afghanistan,149
2009,Ireland,Eritrea,118
2009,Ireland,Gambia,7
2009,Ireland,Iran (Islamic Rep. of),197
2009,Ireland,Iraq,688
2009,Ireland,Russian Federation,271
2009,Ireland,Somalia,590
2009,Ireland,Serbia and Kosovo (S/RES/1244 (1999)),324
2009,Ireland,Syrian Arab Rep.,34
2009,Netherlands,Afghanistan,9383
2009,Netherlands,Eritrea,1132
2009,Netherlands,Gambia,15
2009,Netherlands,Iran (Islamic Rep. of),2662
2009,Netherlands,Iraq,16844
2009,Netherlands,Mali,7
2009,Netherlands,Russian Federation,1168
2009,Netherlands,Somalia,11068
2009,Netherlands,Serbia and Kosovo (S/RES/1244 (1999)),1723
2009,Netherlands,Syrian Arab Rep.,1254
2009,Poland,Afghanistan,67
2009,Poland,Eritrea,2
2009,Poland,Gambia,
2009,Poland,Iran (Islamic Rep. of),9
2009,Poland,Iraq,100
2009,Poland,Russian Federation,14510
2009,Poland,Somalia,65
2009,Poland,Serbia and Kosovo (S/RES/1244 (1999)),9
2009,Poland,Syrian Arab Rep.,8
2009,Portugal,Afghanistan,7
2009,Portugal,Eritrea,17
2009,Portugal,Gambia,1
2009,Portugal,Iran (Islamic Rep. of),3
2009,Portugal,Iraq,6
2009,Portugal,Russian Federation,7
2009,Portugal,Somalia,24
2009,Portugal,Serbia and Kosovo (S/RES/1244 (1999)),2
2009,Sweden,Afghanistan,3637
2009,Sweden,Eritrea,3018
2009,Sweden,Gambia,15
2009,Sweden,Iran (Islamic Rep. of),2148
2009,Sweden,Iraq,31558
2009,Sweden,Mali,5
2009,Sweden,Russian Federation,1705
2009,Sweden,Somalia,10636
2009,Sweden,Serbia and Kosovo (S/RES/1244 (1999)),8852
2009,Sweden,Syrian Arab Rep.,1118
2010,Austria,Afghanistan,7359
2010,Austria,Eritrea,63
2010,Austria,Gambia,71
2010,Austria,Iran (Islamic Rep. of),2357
2010,Austria,Iraq,2320
2010,Austria,Mali,1
2010,Austria,Russian Federation,17229
2010,Austria,Somalia,1093
2010,Austria,Serbia and Kosovo (S/RES/1244 (1999)),3353
2010,Austria,Syrian Arab Rep.,505
2010,Belgium,Afghanistan,501
2010,Belgium,Eritrea,36
2010,Belgium,Iran (Islamic Rep. of),341
2010,Belgium,Iraq,962
2010,Belgium,Mali,5
2010,Belgium,Russian Federation,2964
2010,Belgium,Somalia,117
2010,Belgium,Serbia and Kosovo (S/RES/1244 (1999)),1040
2010,Belgium,Syrian Arab Rep.,229
2010,Germany,Afghanistan,30404
2010,Germany,Eritrea,4519
2010,Germany,Gambia,469
2010,Germany,Iran (Islamic Rep. of),20444
2010,Germany,Iraq,50432
2010,Germany,Iraq,
2010,Germany,Mali,75
2010,Germany,Russian Federation,39460
2010,Germany,Somalia,2620
2010,Germany,Serbia and Kosovo (S/RES/1244 (1999)),122340
2010,Germany,Serbia and Kosovo (S/RES/1244 (1999)),
2010,Germany,Syrian Arab Rep.,10518
2010,Denmark,Afghanistan,4467
2010,Denmark,Eritrea,29
2010,Denmark,Gambia,
2010,Denmark,Iran (Islamic Rep. of),1030
2010,Denmark,Iraq,3962
2010,Denmark,Russian Federation,748
2010,Denmark,Somalia,1497
2010,Denmark,Serbia and Kosovo (S/RES/1244 (1999)),2288
2010,Denmark,Syrian Arab Rep.,750
2010,Spain,Afghanistan,59
2010,Spain,Eritrea,16
2010,Spain,Gambia,8
2010,Spain,Iran (Islamic Rep. of),50
2010,Spain,Iraq,263
2010,Spain,Mali,1
2010,Spain,Russian Federation,377
2010,Spain,Somalia,78
2010,Spain,Serbia and Kosovo (S/RES/1244 (1999)),41
2010,Spain,Syrian Arab Rep.,35
2010,Finland,Afghanistan,807
2010,Finland,Eritrea,7
2010,Finland,Gambia,13
2010,Finland,Iran (Islamic Rep. of),323
2010,Finland,Iraq,2188
2010,Finland,Mali,
2010,Finland,Russian Federation,469
2010,Finland,Somalia,2226
2010,Finland,Serbia and Kosovo (S/RES/1244 (1999)),660
2010,Finland,Syrian Arab Rep.,59
2010,France,Afghanistan,1790
2010,France,Eritrea,663
2010,France,Gambia,87
2010,France,Iran (Islamic Rep. of),1917
2010,France,Iraq,2366
2010,France,Mali,2614
2010,France,Russian Federation,9858
2010,France,Somalia,1027
2010,France,Serbia and Kosovo (S/RES/1244 (1999)),9985
2010,France,Syrian Arab Rep.,280
2010,United Kingdom,Afghanistan,23406
2010,United Kingdom,Eritrea,9430
2010,United Kingdom,Gambia,443
2010,United Kingdom,Iran (Islamic Rep. of),10837
2010,United Kingdom,Iraq,18143
2010,United Kingdom,Mali,10
2010,United Kingdom,Russian Federation,1603
2010,United Kingdom,Somalia,23893
2010,United Kingdom,Serbia and Kosovo (S/RES/1244 (1999)),6759
2010,United Kingdom,Syrian Arab Rep.,499
2010,Hungary,Afghanistan,1767
2010,Hungary,Eritrea,2
2010,Hungary,Iran (Islamic Rep. of),164
2010,Hungary,Iraq,1091
2010,Hungary,Russian Federation,123
2010,Hungary,Somalia,421
2010,Hungary,Serbia and Kosovo (S/RES/1244 (1999)),337
2010,Hungary,Syrian Arab Rep.,39
2010,Ireland,Afghanistan,157
2010,Ireland,Eritrea,121
2010,Ireland,Gambia,7
2010,Ireland,Iran (Islamic Rep. of),205
2010,Ireland,Iraq,650
2010,Ireland,Mali,
2010,Ireland,Russian Federation,267
2010,Ireland,Somalia,589
2010,Ireland,Serbia and Kosovo (S/RES/1244 (1999)),313
2010,Ireland,Syrian Arab Rep.,34
2010,Netherlands,Afghanistan,6731
2010,Netherlands,Eritrea,1423
2010,Netherlands,Gambia,19
2010,Netherlands,Iran (Islamic Rep. of),2758
2010,Netherlands,Iraq,17779
2010,Netherlands,Mali,8
2010,Netherlands,Russian Federation,1104
2010,Netherlands,Somalia,13736
2010,Netherlands,Serbia and Kosovo (S/RES/1244 (1999)),1269
2010,Netherlands,Syrian Arab Rep.,1186
2010,Poland,Afghanistan,76
2010,Poland,Eritrea,2
2010,Poland,Gambia,
2010,Poland,Iran (Islamic Rep. of),11
2010,Poland,Iraq,111
2010,Poland,Russian Federation,14730
2010,Poland,Somalia,55
2010,Poland,Serbia and Kosovo (S/RES/1244 (1999)),4
2010,Poland,Syrian Arab Rep.,8
2010,Portugal,Afghanistan,6
2010,Portugal,Eritrea,21
2010,Portugal,Gambia,1
2010,Portugal,Iran (Islamic Rep. of),6
2010,Portugal,Iraq,6
2010,Portugal,Russian Federation,7
2010,Portugal,Somalia,24
2010,Portugal,Serbia and Kosovo (S/RES/1244 (1999)),2
2010,Sweden,Afghanistan,4150
2010,Sweden,Eritrea,3921
2010,Sweden,Gambia,27
2010,Sweden,Iran (Islamic Rep. of),2360
2010,Sweden,Iraq,29013
2010,Sweden,Mali,5
2010,Sweden,Russian Federation,1739
2010,Sweden,Somalia,15238
2010,Sweden,Serbia and Kosovo (S/RES/1244 (1999)),6848
2010,Sweden,Syrian Arab Rep.,1169
2011,Austria,Afghanistan,8636
2011,Austria,Eritrea,76
2011,Austria,Gambia,83
2011,Austria,Iran (Islamic Rep. of),2509
2011,Austria,Iraq,2622
2011,Austria,Mali,1
2011,Austria,Russian Federation,18473
2011,Austria,Somalia,1473
2011,Austria,Serbia and Kosovo (S/RES/1244 (1999)),3290
2011,Austria,Syrian Arab Rep.,903
2011,Belgium,Afghanistan,785
2011,Belgium,Eritrea,81
2011,Belgium,Gambia,
2011,Belgium,Iran (Islamic Rep. of),347
2011,Belgium,Iraq,1329
2011,Belgium,Mali,9
2011,Belgium,Russian Federation,2894
2011,Belgium,Somalia,247
2011,Belgium,Serbia and Kosovo (S/RES/1244 (1999)),1066
2011,Belgium,Syrian Arab Rep.,312
2011,Germany,Afghanistan,30425
2011,Germany,Eritrea,4606
2011,Germany,Gambia,473
2011,Germany,Iran (Islamic Rep. of),20462
2011,Germany,Iraq,48976
2011,Germany,Iraq,
2011,Germany,Mali,66
2011,Germany,Russian Federation,39816
2011,Germany,Somalia,3139
2011,Germany,Serbia and Kosovo (S/RES/1244 (1999)),110455
2011,Germany,Serbia and Kosovo (S/RES/1244 (1999)),
2011,Germany,Syrian Arab Rep.,10155
2011,Denmark,Afghanistan,3108
2011,Denmark,Eritrea,39
2011,Denmark,Iran (Islamic Rep. of),1245
2011,Denmark,Iraq,1910
2011,Denmark,Russian Federation,794
2011,Denmark,Somalia,904
2011,Denmark,Serbia and Kosovo (S/RES/1244 (1999)),1757
2011,Denmark,Syrian Arab Rep.,1197
2011,Spain,Afghanistan,62
2011,Spain,Eritrea,20
2011,Spain,Gambia,9
2011,Spain,Iran (Islamic Rep. of),55
2011,Spain,Iraq,250
2011,Spain,Mali,1
2011,Spain,Russian Federation,305
2011,Spain,Somalia,147
2011,Spain,Serbia and Kosovo (S/RES/1244 (1999)),23
2011,Spain,Syrian Arab Rep.,32
2011,Finland,Afghanistan,948
2011,Finland,Eritrea,12
2011,Finland,Gambia,16
2011,Finland,Iran (Islamic Rep. of),359
2011,Finland,Iraq,2508
2011,Finland,Russian Federation,577
2011,Finland,Somalia,2404
2011,Finland,Serbia and Kosovo (S/RES/1244 (1999)),365
2011,Finland,Syrian Arab Rep.,86
2011,France,Afghanistan,2120
2011,France,Eritrea,1093
2011,France,Gambia,110
2011,France,Iran (Islamic Rep. of),2064
2011,France,Iraq,2519
2011,France,Mali,3082
2011,France,Russian Federation,10882
2011,France,Somalia,1303
2011,France,Serbia and Kosovo (S/RES/1244 (1999)),10891
2011,France,Syrian Arab Rep.,351
2011,United Kingdom,Afghanistan,14424
2011,United Kingdom,Eritrea,9851
2011,United Kingdom,Gambia,605
2011,United Kingdom,Iran (Islamic Rep. of),11632
2011,United Kingdom,Iraq,15652
2011,United Kingdom,Mali,12
2011,United Kingdom,Russian Federation,1421
2011,United Kingdom,Somalia,19668
2011,United Kingdom,Serbia and Kosovo (S/RES/1244 (1999)),4364
2011,United Kingdom,Syrian Arab Rep.,693
2011,Hungary,Afghanistan,1697
2011,Hungary,Eritrea,2
2011,Hungary,Iran (Islamic Rep. of),167
2011,Hungary,Iraq,998
2011,Hungary,Russian Federation,115
2011,Hungary,Somalia,406
2011,Hungary,Serbia and Kosovo (S/RES/1244 (1999)),272
2011,Hungary,Syrian Arab Rep.,42
2011,Ireland,Afghanistan,170
2011,Ireland,Eritrea,119
2011,Ireland,Gambia,5
2011,Ireland,Iran (Islamic Rep. of),215
2011,Ireland,Iraq,595
2011,Ireland,Mali,
2011,Ireland,Russian Federation,242
2011,Ireland,Somalia,542
2011,Ireland,Serbia and Kosovo (S/RES/1244 (1999)),225
2011,Ireland,Syrian Arab Rep.,27
2011,Netherlands,Afghanistan,5697
2011,Netherlands,Eritrea,1880
2011,Netherlands,Gambia,22
2011,Netherlands,Iran (Islamic Rep. of),3152
2011,Netherlands,Iraq,18255
2011,Netherlands,Mali,10
2011,Netherlands,Russian Federation,1007
2011,Netherlands,Somalia,15715
2011,Netherlands,Serbia and Kosovo (S/RES/1244 (1999)),794
2011,Netherlands,Syrian Arab Rep.,1064
2011,Poland,Afghanistan,68
2011,Poland,Eritrea,15
2011,Poland,Iran (Islamic Rep. of),13
2011,Poland,Iraq,135
2011,Poland,Russian Federation,14897
2011,Poland,Somalia,51
2011,Poland,Serbia and Kosovo (S/RES/1244 (1999)),2
2011,Poland,Syrian Arab Rep.,10
2011,Portugal,Afghanistan,4
2011,Portugal,Eritrea,22
2011,Portugal,Gambia,1
2011,Portugal,Iran (Islamic Rep. of),7
2011,Portugal,Iraq,7
2011,Portugal,Russian Federation,11
2011,Portugal,Somalia,33
2011,Portugal,Serbia and Kosovo (S/RES/1244 (1999)),2
2011,Sweden,Afghanistan,6620
2011,Sweden,Eritrea,5123
2011,Sweden,Gambia,34
2011,Sweden,Iran (Islamic Rep. of),2681
2011,Sweden,Iraq,27367
2011,Sweden,Mali,7
2011,Sweden,Russian Federation,1786
2011,Sweden,Somalia,17602
2011,Sweden,Serbia and Kosovo (S/RES/1244 (1999)),5529
2011,Sweden,Syrian Arab Rep.,1206
2012,Austria,Afghanistan,10158
2012,Austria,Eritrea,88
2012,Austria,Gambia,90
2012,Austria,Iran (Islamic Rep. of),2816
2012,Austria,Iraq,2863
2012,Austria,Mali,5
2012,Austria,Russian Federation,19517
2012,Austria,Somalia,1915
2012,Austria,Serbia and Kosovo (S/RES/1244 (1999)),3165
2012,Austria,Syrian Arab Rep.,1675
2012,Belgium,Afghanistan,1267
2012,Belgium,Eritrea,62
2012,Belgium,Gambia,
2012,Belgium,Iran (Islamic Rep. of),411
2012,Belgium,Iraq,1541
2012,Belgium,Mali,11
2012,Belgium,Russian Federation,2661
2012,Belgium,Somalia,288
2012,Belgium,Serbia and Kosovo (S/RES/1244 (1999)),983
2012,Belgium,Syrian Arab Rep.,355
2012,Germany,Afghanistan,31746
2012,Germany,Eritrea,4836
2012,Germany,Gambia,502
2012,Germany,Iran (Islamic Rep. of),21629
2012,Germany,Iraq,49829
2012,Germany,Mali,86
2012,Germany,Russian Federation,40204
2012,Germany,Somalia,3634
2012,Germany,Serbia and Kosovo (S/RES/1244 (1999)),113809
2012,Germany,Syrian Arab Rep.,18165
2012,Denmark,Afghanistan,2515
2012,Denmark,Eritrea,46
2012,Denmark,Gambia,
2012,Denmark,Iran (Islamic Rep. of),1529
2012,Denmark,Iraq,1165
2012,Denmark,Mali,
2012,Denmark,Russian Federation,842
2012,Denmark,Somalia,531
2012,Denmark,Serbia and Kosovo (S/RES/1244 (1999)),1192
2012,Denmark,Syrian Arab Rep.,1903
2012,Spain,Afghanistan,92
2012,Spain,Eritrea,33
2012,Spain,Gambia,8
2012,Spain,Iran (Islamic Rep. of),51
2012,Spain,Iraq,248
2012,Spain,Mali,1
2012,Spain,Russian Federation,268
2012,Spain,Somalia,196
2012,Spain,Serbia and Kosovo (S/RES/1244 (1999)),16
2012,Spain,Syrian Arab Rep.,32
2012,Finland,Afghanistan,1137
2012,Finland,Eritrea,16
2012,Finland,Gambia,16
2012,Finland,Iran (Islamic Rep. of),431
2012,Finland,Iraq,2797
2012,Finland,Mali,
2012,Finland,Russian Federation,598
2012,Finland,Somalia,2571
2012,Finland,Serbia and Kosovo (S/RES/1244 (1999)),322
2012,Finland,Syrian Arab Rep.,218
2012,France,Afghanistan,2590
2012,France,Eritrea,1316
2012,France,Gambia,120
2012,France,Iran (Islamic Rep. of),2172
2012,France,Iraq,2620
2012,France,Mali,3428
2012,France,Russian Federation,11767
2012,France,Somalia,1489
2012,France,Serbia and Kosovo (S/RES/1244 (1999)),11506
2012,France,Syrian Arab Rep.,640
2012,United Kingdom,Afghanistan,9845
2012,United Kingdom,Eritrea,9903
2012,United Kingdom,Gambia,794
2012,United Kingdom,Iran (Islamic Rep. of),11433
2012,United Kingdom,Iraq,5755
2012,United Kingdom,Mali,13
2012,United Kingdom,Russian Federation,1106
2012,United Kingdom,Somalia,15134
2012,United Kingdom,Serbia and Kosovo (S/RES/1244 (1999)),2328
2012,United Kingdom,Syrian Arab Rep.,1717
2012,Hungary,Afghanistan,1131
2012,Hungary,Eritrea,4
2012,Hungary,Iran (Islamic Rep. of),145
2012,Hungary,Iraq,563
2012,Hungary,Russian Federation,103
2012,Hungary,Somalia,431
2012,Hungary,Serbia and Kosovo (S/RES/1244 (1999)),266
2012,Hungary,Syrian Arab Rep.,86
2012,Ireland,Afghanistan,181
2012,Ireland,Eritrea,119
2012,Ireland,Gambia,5
2012,Ireland,Iran (Islamic Rep. of),206
2012,Ireland,Iraq,534
2012,Ireland,Mali,
2012,Ireland,Russian Federation,148
2012,Ireland,Somalia,505
2012,Ireland,Serbia and Kosovo (S/RES/1244 (1999)),143
2012,Ireland,Syrian Arab Rep.,38
2012,Netherlands,Afghanistan,6126
2012,Netherlands,Eritrea,2103
2012,Netherlands,Gambia,22
2012,Netherlands,Iran (Islamic Rep. of),3354
2012,Netherlands,Iraq,18012
2012,Netherlands,Mali,10
2012,Netherlands,Russian Federation,880
2012,Netherlands,Somalia,16286
2012,Netherlands,Serbia and Kosovo (S/RES/1244 (1999)),565
2012,Netherlands,Syrian Arab Rep.,1449
2012,Poland,Afghanistan,72
2012,Poland,Eritrea,14
2012,Poland,Iran (Islamic Rep. of),15
2012,Poland,Iraq,137
2012,Poland,Russian Federation,14938
2012,Poland,Somalia,48
2012,Poland,Serbia and Kosovo (S/RES/1244 (1999)),2
2012,Poland,Syrian Arab Rep.,17
2012,Portugal,Afghanistan,6
2012,Portugal,Eritrea,22
2012,Portugal,Gambia,2
2012,Portugal,Iran (Islamic Rep. of),10
2012,Portugal,Iraq,6
2012,Portugal,Russian Federation,15
2012,Portugal,Somalia,40
2012,Portugal,Serbia and Kosovo (S/RES/1244 (1999)),2
2012,Portugal,Syrian Arab Rep.,
2012,Sweden,Afghanistan,8454
2012,Sweden,Eritrea,6414
2012,Sweden,Gambia,45
2012,Sweden,Iran (Islamic Rep. of),2992
2012,Sweden,Iraq,24741
2012,Sweden,Mali,10
2012,Sweden,Russian Federation,1770
2012,Sweden,Somalia,19416
2012,Sweden,Serbia and Kosovo (S/RES/1244 (1999)),4315
2012,Sweden,Syrian Arab Rep.,6051
2013,Austria,Afghanistan,11906
2013,Austria,Eritrea,101
2013,Austria,Gambia,101
2013,Austria,Iran (Islamic Rep. of),3188
2013,Austria,Iraq,2966
2013,Austria,Mali,11
2013,Austria,Russian Federation,19577
2013,Austria,Somalia,2278
2013,Austria,Serbia and Kosovo (S/RES/1244 (1999)),3075
2013,Austria,Syrian Arab Rep.,2748
2013,Belgium,Afghanistan,4328
2013,Belgium,Eritrea,105
2013,Belgium,Gambia,19
2013,Belgium,Iran (Islamic Rep. of),486
2013,Belgium,Iraq,3058
2013,Belgium,Mali,17
2013,Belgium,Russian Federation,2177
2013,Belgium,Somalia,559
2013,Belgium,Serbia and Kosovo (S/RES/1244 (1999)),822
2013,Belgium,Syrian Arab Rep.,1987
2013,Germany,Afghanistan,24203
2013,Germany,Eritrea,3984
2013,Germany,Gambia,126
2013,Germany,Iran (Islamic Rep. of),17150
2013,Germany,Iraq,40230
2013,Germany,Mali,21
2013,Germany,Russian Federation,4358
2013,Germany,Somalia,3512
2013,Germany,Serbia and Kosovo (S/RES/1244 (1999)),8410
2013,Germany,Syrian Arab Rep.,21253
2013,Denmark,Afghanistan,2139
2013,Denmark,Eritrea,108
2013,Denmark,Gambia,
2013,Denmark,Iran (Islamic Rep. of),1842
2013,Denmark,Iraq,1034
2013,Denmark,Mali,1
2013,Denmark,Russian Federation,1023
2013,Denmark,Somalia,798
2013,Denmark,Serbia and Kosovo (S/RES/1244 (1999)),765
2013,Denmark,Syrian Arab Rep.,3271
2013,Spain,Afghanistan,114
2013,Spain,Eritrea,41
2013,Spain,Gambia,8
2013,Spain,Iran (Islamic Rep. of),56
2013,Spain,Iraq,245
2013,Spain,Mali,1
2013,Spain,Russian Federation,204
2013,Spain,Somalia,284
2013,Spain,Serbia and Kosovo (S/RES/1244 (1999)),12
2013,Spain,Syrian Arab Rep.,180
2013,Finland,Afghanistan,1357
2013,Finland,Eritrea,23
2013,Finland,Gambia,18
2013,Finland,Iran (Islamic Rep. of),509
2013,Finland,Iraq,3448
2013,Finland,Mali,
2013,Finland,Russian Federation,672
2013,Finland,Somalia,2744
2013,Finland,Serbia and Kosovo (S/RES/1244 (1999)),276
2013,Finland,Syrian Arab Rep.,352
2013,France,Afghanistan,3213
2013,France,Eritrea,1508
2013,France,Gambia,140
2013,France,Iran (Islamic Rep. of),2311
2013,France,Iraq,2677
2013,France,Mali,3719
2013,France,Russian Federation,12795
2013,France,Somalia,1674
2013,France,Serbia and Kosovo (S/RES/1244 (1999)),11738
2013,France,Syrian Arab Rep.,1474
2013,United Kingdom,Afghanistan,9166
2013,United Kingdom,Eritrea,10010
2013,United Kingdom,Gambia,937
2013,United Kingdom,Iran (Islamic Rep. of),11368
2013,United Kingdom,Iraq,3193
2013,United Kingdom,Mali,15
2013,United Kingdom,Russian Federation,817
2013,United Kingdom,Somalia,11249
2013,United Kingdom,Serbia and Kosovo (S/RES/1244 (1999)),963
2013,United Kingdom,Syrian Arab Rep.,3169
2013,Hungary,Afghanistan,749
2013,Hungary,Eritrea,6
2013,Hungary,Gambia,
2013,Hungary,Iran (Islamic Rep. of),69
2013,Hungary,Iraq,223
2013,Hungary,Mali,1
2013,Hungary,Russian Federation,24
2013,Hungary,Somalia,446
2013,Hungary,Serbia and Kosovo (S/RES/1244 (1999)),76
2013,Hungary,Syrian Arab Rep.,141
2013,Ireland,Afghanistan,129
2013,Ireland,Eritrea,39
2013,Ireland,Gambia,2
2013,Ireland,Iran (Islamic Rep. of),118
2013,Ireland,Iraq,380
2013,Ireland,Mali,7
2013,Ireland,Russian Federation,188
2013,Ireland,Somalia,559
2013,Ireland,Serbia and Kosovo (S/RES/1244 (1999)),214
2013,Ireland,Syrian Arab Rep.,71
2013,Netherlands,Afghanistan,6269
2013,Netherlands,Eritrea,2807
2013,Netherlands,Gambia,27
2013,Netherlands,Iran (Islamic Rep. of),4148
2013,Netherlands,Iraq,15533
2013,Netherlands,Mali,10
2013,Netherlands,Russian Federation,765
2013,Netherlands,Somalia,18799
2013,Netherlands,Serbia and Kosovo (S/RES/1244 (1999)),405
2013,Netherlands,Syrian Arab Rep.,3404
2013,Poland,Afghanistan,88
2013,Poland,Eritrea,15
2013,Poland,Gambia,
2013,Poland,Iran (Islamic Rep. of),17
2013,Poland,Iraq,141
2013,Poland,Mali,
2013,Poland,Russian Federation,15149
2013,Poland,Somalia,54
2013,Poland,Serbia and Kosovo (S/RES/1244 (1999)),3
2013,Poland,Syrian Arab Rep.,108
2013,Portugal,Afghanistan,9
2013,Portugal,Eritrea,22
2013,Portugal,Gambia,4
2013,Portugal,Iran (Islamic Rep. of),13
2013,Portugal,Iraq,6
2013,Portugal,Mali,1
2013,Portugal,Russian Federation,18
2013,Portugal,Somalia,44
2013,Portugal,Serbia and Kosovo (S/RES/1244 (1999)),2
2013,Portugal,Syrian Arab Rep.,14
2013,Sweden,Afghanistan,10499
2013,Sweden,Eritrea,8954
2013,Sweden,Gambia,78
2013,Sweden,Iran (Islamic Rep. of),3763
2013,Sweden,Iraq,24006
2013,Sweden,Mali,17
2013,Sweden,Russian Federation,1941
2013,Sweden,Somalia,20613
2013,Sweden,Serbia and Kosovo (S/RES/1244 (1999)),3608
2013,Sweden,Syrian Arab Rep.,17984
2014,Austria,Afghanistan,11906
2014,Austria,Eritrea,101
2014,Austria,Gambia,101
2014,Austria,Iran (Islamic Rep. of),3188
2014,Austria,Iraq,2966
2014,Austria,Mali,11
2014,Austria,Russian Federation,19577
2014,Austria,Somalia,2278
2014,Austria,Serbia and Kosovo (S/RES/1244 (1999)),3075
2014,Austria,Syrian Arab Rep.,2748
2014,Belgium,Afghanistan,5038
2014,Belgium,Eritrea,130
2014,Belgium,Gambia,19
2014,Belgium,Iran (Islamic Rep. of),639
2014,Belgium,Iraq,3357
2014,Belgium,Mali,44
2014,Belgium,Russian Federation,2193
2014,Belgium,Somalia,625
2014,Belgium,Serbia and Kosovo (S/RES/1244 (1999)),686
2014,Belgium,Syrian Arab Rep.,2620
2014,Germany,Afghanistan,27814
2014,Germany,Eritrea,4716
2014,Germany,Gambia,144
2014,Germany,Iran (Islamic Rep. of),18814
2014,Germany,Iraq,41167
2014,Germany,Mali,34
2014,Germany,Russian Federation,4608
2014,Germany,Somalia,4205
2014,Germany,Serbia and Kosovo (S/RES/1244 (1999)),9294
2014,Germany,Syrian Arab Rep.,40994
2014,Denmark,Afghanistan,2130
2014,Denmark,Eritrea,319
2014,Denmark,Gambia,*
2014,Denmark,Iran (Islamic Rep. of),1912
2014,Denmark,Iraq,967
2014,Denmark,Mali,*
2014,Denmark,Russian Federation,1051
2014,Denmark,Somalia,1134
2014,Denmark,Serbia and Kosovo (S/RES/1244 (1999)),468
2014,Denmark,Syrian Arab Rep.,7253
2014,Spain,Afghanistan,144
2014,Spain,Eritrea,48
2014,Spain,Gambia,8
2014,Spain,Iran (Islamic Rep. of),70
2014,Spain,Iraq,190
2014,Spain,Mali,*
2014,Spain,Russian Federation,177
2014,Spain,Somalia,374
2014,Spain,Serbia and Kosovo (S/RES/1244 (1999)),12
2014,Spain,Syrian Arab Rep.,1336
2014,Finland,Afghanistan,1443
2014,Finland,Eritrea,25
2014,Finland,Gambia,33
2014,Finland,Iran (Islamic Rep. of),581
2014,Finland,Iraq,3607
2014,Finland,Mali,*
2014,Finland,Russian Federation,729
2014,Finland,Somalia,2817
2014,Finland,Serbia and Kosovo (S/RES/1244 (1999)),215
2014,Finland,Syrian Arab Rep.,438
2014,France,Afghanistan,3838
2014,France,Eritrea,1671
2014,France,Gambia,164
2014,France,Iran (Islamic Rep. of),2359
2014,France,Iraq,2991
2014,France,Mali,3934
2014,France,Russian Federation,13644
2014,France,Somalia,1896
2014,France,Serbia and Kosovo (S/RES/1244 (1999)),12119
2014,France,Syrian Arab Rep.,2882
2014,United Kingdom,Afghanistan,9039
2014,United Kingdom,Eritrea,11583
2014,United Kingdom,Gambia,1102
2014,United Kingdom,Iran (Islamic Rep. of),11510
2014,United Kingdom,Iraq,2951
2014,United Kingdom,Mali,18
2014,United Kingdom,Russian Federation,575
2014,United Kingdom,Somalia,8509
2014,United Kingdom,Serbia and Kosovo (S/RES/1244 (1999)),408
2014,United Kingdom,Syrian Arab Rep.,4572
2014,Hungary,Afghanistan,819
2014,Hungary,Eritrea,40
2014,Hungary,Gambia,
2014,Hungary,Iran (Islamic Rep. of),68
2014,Hungary,Iraq,220
2014,Hungary,Mali,*
2014,Hungary,Russian Federation,25
2014,Hungary,Somalia,496
2014,Hungary,Serbia and Kosovo (S/RES/1244 (1999)),65
2014,Hungary,Syrian Arab Rep.,334
2014,Ireland,Afghanistan,158
2014,Ireland,Eritrea,42
2014,Ireland,Gambia,*
2014,Ireland,Iran (Islamic Rep. of),118
2014,Ireland,Iraq,379
2014,Ireland,Mali,7
2014,Ireland,Russian Federation,167
2014,Ireland,Somalia,503
2014,Ireland,Serbia and Kosovo (S/RES/1244 (1999)),191
2014,Ireland,Syrian Arab Rep.,176
2014,Netherlands,Afghanistan,6244
2014,Netherlands,Eritrea,6294
2014,Netherlands,Gambia,34
2014,Netherlands,Iran (Islamic Rep. of),4207
2014,Netherlands,Iraq,14396
2014,Netherlands,Mali,19
2014,Netherlands,Russian Federation,698
2014,Netherlands,Somalia,18687
2014,Netherlands,Serbia and Kosovo (S/RES/1244 (1999)),277
2014,Netherlands,Syrian Arab Rep.,8692
2014,Poland,Afghanistan,93
2014,Poland,Eritrea,19
2014,Poland,Gambia,
2014,Poland,Iran (Islamic Rep. of),18
2014,Poland,Iraq,154
2014,Poland,Russian Federation,14277
2014,Poland,Somalia,59
2014,Poland,Serbia and Kosovo (S/RES/1244 (1999)),*
2014,Poland,Syrian Arab Rep.,240
2014,Portugal,Afghanistan,10
2014,Portugal,Eritrea,29
2014,Portugal,Gambia,*
2014,Portugal,Iran (Islamic Rep. of),19
2014,Portugal,Iraq,7
2014,Portugal,Mali,6
2014,Portugal,Russian Federation,22
2014,Portugal,Somalia,46
2014,Portugal,Serbia and Kosovo (S/RES/1244 (1999)),*
2014,Portugal,Syrian Arab Rep.,15
2014,Sweden,Afghanistan,12090
2014,Sweden,Eritrea,14107
2014,Sweden,Gambia,99
2014,Sweden,Iran (Islamic Rep. of),4152
2014,Sweden,Iraq,24184
2014,Sweden,Mali,23
2014,Sweden,Russian Federation,2014
2014,Sweden,Somalia,21189
2014,Sweden,Serbia and Kosovo (S/RES/1244 (1999)),3082
2014,Sweden,Syrian Arab Rep.,34285
